{
    "rmse": 0.6055462971064944,
    "mae": 0.6418437834367035,
    "r2_score": 0.06923883671470765
}