{
    "rmse": 0.635128202607392,
    "mae": 0.6617512037768505,
    "r2_score": 0.023769664650116873
}